date_clean,avg_goals,avg_attempts,avg_on_target,name,datetime,tempmax,tempmin,temp,feelslikemax,feelslikemin,feelslike,dew,humidity,precip,precipprob,precipcover,preciptype,snow,snowdepth,windgust,windspeed,winddir,sealevelpressure,cloudcover,visibility,solarradiation,solarenergy,uvindex,severerisk,sunrise,sunset,moonphase,conditions,description,icon,stations,temp_group,humidity_group,is_outlier,temp_norm,humidity_norm,climate_impact_score
2022-11-20,1.0,5.5,1.5,qatar,2022-11-20,84.2,75.1,78.5,84.5,75.1,78.6,61.6,56.7,0.0,0,0.0,,0.0,0,30.0,18.4,324.9,1016.7,0.0,6.0,190.4,16.5,7.0,,2022-11-20T05:54:25,2022-11-20T16:44:23,0.88,Clear,Clear conditions throughout the day.,clear-day,"OTHH,OTBD,41170099999,41170399999,41176099999",Hot,Dry,False,0.8299999999999997,0.42911877394636033,0.5894712643678162
2022-11-21,4.0,10.5,5.0,qatar,2022-11-21,81.8,71.5,77.725,81.9,71.5,75.8,58.3,55.2,0.0,0,0.0,,0.0,0,26.2,14.0,314.9,1016.8,11.1,6.2,190.5,16.4,7.0,,2022-11-21T05:55:09,2022-11-21T16:44:09,0.92,Clear,Clear conditions throughout the day.,clear-day,"OTHH,OTBD,41170599999,41170099999,41170399999,41176099999",Hot,Dry,False,0.7524999999999992,0.37164750957854426,0.5239885057471263
2022-11-21,1.0,11.5,3.0,qatar,2022-11-21,81.8,71.5,76.95,81.9,71.5,75.8,58.3,55.2,0.0,0,0.0,,0.0,0,26.2,14.0,314.9,1016.8,11.1,6.2,190.5,16.4,7.0,,2022-11-21T05:55:09,2022-11-21T16:44:09,0.92,Clear,Clear conditions throughout the day.,clear-day,"OTHH,OTBD,41170599999,41170099999,41170399999,41176099999",Mild,Dry,False,0.675,0.37164750957854426,0.4929885057471266
2022-11-21,1.0,6.5,2.0,qatar,2022-11-21,81.8,71.5,76.17500000000001,81.9,71.5,75.8,58.3,55.2,0.0,0,0.0,,0.0,0,26.2,14.0,314.9,1016.8,11.1,6.2,190.5,16.4,7.0,,2022-11-21T05:55:09,2022-11-21T16:44:09,0.92,Clear,Clear conditions throughout the day.,clear-day,"OTHH,OTBD,41170599999,41170099999,41170399999,41176099999",Mild,Dry,False,0.5975000000000008,0.37164750957854426,0.4619885057471269
2022-11-22,1.5,8.5,4.0,qatar,2022-11-22,80.6,69.6,75.4,80.9,69.6,75.4,57.8,54.8,0.0,0,0.0,,0.0,0,16.8,8.0,247.1,1017.3,5.2,6.2,193.6,16.7,7.0,,2022-11-22T05:55:53,2022-11-22T16:43:57,0.95,Clear,Clear conditions throughout the day.,clear-day,"OTHH,OTBD,41170099999,41170399999,41176099999",Mild,Dry,False,0.5200000000000002,0.3563218390804597,0.4217931034482759
2022-11-22,0.0,11.0,2.5,qatar,2022-11-22,80.6,69.6,75.4,80.9,69.6,75.4,57.8,54.8,0.0,0,0.0,,0.0,0,16.8,8.0,247.1,1017.3,5.2,6.2,193.6,16.7,7.0,,2022-11-22T05:55:53,2022-11-22T16:43:57,0.95,Clear,Clear conditions throughout the day.,clear-day,"OTHH,OTBD,41170099999,41170399999,41176099999",Mild,Dry,False,0.5200000000000002,0.3563218390804597,0.4217931034482759
2022-11-22,0.0,10.5,2.5,qatar,2022-11-22,80.6,69.6,75.4,80.9,69.6,75.4,57.8,54.8,0.0,0,0.0,,0.0,0,16.8,8.0,247.1,1017.3,5.2,6.2,193.6,16.7,7.0,,2022-11-22T05:55:53,2022-11-22T16:43:57,0.95,Clear,Clear conditions throughout the day.,clear-day,"OTHH,OTBD,41170099999,41170399999,41176099999",Mild,Dry,False,0.5200000000000002,0.3563218390804597,0.4217931034482759
2022-11-22,2.5,13.0,4.0,qatar,2022-11-22,80.6,69.6,75.4,80.9,69.6,75.4,57.8,54.8,0.0,0,0.0,,0.0,0,16.8,8.0,247.1,1017.3,5.2,6.2,193.6,16.7,7.0,,2022-11-22T05:55:53,2022-11-22T16:43:57,0.95,Clear,Clear conditions throughout the day.,clear-day,"OTHH,OTBD,41170099999,41170399999,41176099999",Mild,Dry,False,0.5200000000000002,0.3563218390804597,0.4217931034482759
2022-11-23,0.0,7.0,2.0,qatar,2022-11-23,81.1,67.7,75.4,80.5,67.7,75.4,55.9,51.7,0.0,0,0.0,,0.0,0,10.3,7.0,160.7,1016.9,5.5,6.3,199.8,17.4,,,2022-11-23T05:56:36,2022-11-23T16:43:46,0.98,Clear,Clear conditions throughout the day.,clear-day,"OTHH,OTBD,41170099999,41170399999,41176099999",Mild,Dry,False,0.5200000000000002,0.23754789272030669,0.3505287356321841
2022-11-23,1.5,17.5,6.0,qatar,2022-11-23,81.1,67.7,75.4,80.5,67.7,75.4,55.9,51.7,0.0,0,0.0,,0.0,0,10.3,7.0,160.7,1016.9,5.5,6.3,199.8,17.4,,,2022-11-23T05:56:36,2022-11-23T16:43:46,0.98,Clear,Clear conditions throughout the day.,clear-day,"OTHH,OTBD,41170099999,41170399999,41176099999",Mild,Dry,False,0.5200000000000002,0.23754789272030669,0.3505287356321841
2022-11-23,3.5,8.5,3.5,qatar,2022-11-23,81.1,67.7,75.4,80.5,67.7,75.4,55.9,51.7,0.0,0,0.0,,0.0,0,10.3,7.0,160.7,1016.9,5.5,6.3,199.8,17.4,,,2022-11-23T05:56:36,2022-11-23T16:43:46,0.98,Clear,Clear conditions throughout the day.,clear-day,"OTHH,OTBD,41170099999,41170399999,41176099999",Mild,Dry,False,0.5200000000000002,0.23754789272030669,0.3505287356321841
2022-11-23,0.5,15.0,3.5,qatar,2022-11-23,81.1,67.7,75.4,80.5,67.7,75.4,55.9,51.7,0.0,0,0.0,,0.0,0,10.3,7.0,160.7,1016.9,5.5,6.3,199.8,17.4,,,2022-11-23T05:56:36,2022-11-23T16:43:46,0.98,Clear,Clear conditions throughout the day.,clear-day,"OTHH,OTBD,41170099999,41170399999,41176099999",Mild,Dry,False,0.5200000000000002,0.23754789272030669,0.3505287356321841
2022-11-24,0.5,7.5,3.0,qatar,2022-11-24,83.6,67.9,75.6,,67.9,75.0,50.4,45.5,0.0,0,0.0,,0.0,0,9.2,6.9,55.6,1016.0,34.2,6.3,195.0,17.0,7.0,,2022-11-24T05:57:20,2022-11-24T16:43:37,0.0,Partially cloudy,Becoming cloudy in the afternoon.,partly-cloudy-day,"OTHH,OTBD,41170599999,41170099999,41170399999,41176099999",Mild,Dry,False,0.5399999999999991,0.0,0.21599999999999966
2022-11-24,0.0,8.0,0.0,qatar,2022-11-24,83.6,67.9,75.6,,67.9,75.0,50.4,45.5,0.0,0,0.0,,0.0,0,9.2,6.9,55.6,1016.0,34.2,6.3,195.0,17.0,7.0,,2022-11-24T05:57:20,2022-11-24T16:43:37,0.0,Partially cloudy,Becoming cloudy in the afternoon.,partly-cloudy-day,"OTHH,OTBD,41170599999,41170099999,41170399999,41176099999",Mild,Dry,False,0.5399999999999991,0.0,0.21599999999999966
2022-11-24,2.5,9.5,4.0,qatar,2022-11-24,83.6,67.9,75.6,,67.9,75.0,50.4,45.5,0.0,0,0.0,,0.0,0,9.2,6.9,55.6,1016.0,34.2,6.3,195.0,17.0,7.0,,2022-11-24T05:57:20,2022-11-24T16:43:37,0.0,Partially cloudy,Becoming cloudy in the afternoon.,partly-cloudy-day,"OTHH,OTBD,41170599999,41170099999,41170399999,41176099999",Mild,Dry,False,0.5399999999999991,0.0,0.21599999999999966
2022-11-24,1.0,14.0,5.0,qatar,2022-11-24,83.6,67.9,75.6,,67.9,75.0,50.4,45.5,0.0,0,0.0,,0.0,0,9.2,6.9,55.6,1016.0,34.2,6.3,195.0,17.0,7.0,,2022-11-24T05:57:20,2022-11-24T16:43:37,0.0,Partially cloudy,Becoming cloudy in the afternoon.,partly-cloudy-day,"OTHH,OTBD,41170599999,41170099999,41170399999,41176099999",Mild,Dry,False,0.5399999999999991,0.0,0.21599999999999966
2022-11-25,1.0,15.5,4.5,qatar,2022-11-25,84.8,70.2,78.0,84.1,70.2,77.9,58.7,52.6,0.0,0,0.0,,0.0,0,15.0,9.9,113.7,1015.8,23.7,,191.0,16.5,7.0,,2022-11-25T05:58:04,2022-11-25T16:43:30,0.05,Partially cloudy,Partly cloudy throughout the day.,partly-cloudy-day,"OTHH,OTBD,41170099999,41170399999,41176099999",Hot,Dry,False,0.7799999999999997,0.2720306513409963,0.47521839080459766
2022-11-25,2.0,11.0,3.0,qatar,2022-11-25,84.8,70.2,78.0,84.1,70.2,77.9,58.7,52.6,0.0,0,0.0,,0.0,0,15.0,9.9,113.7,1015.8,23.7,,191.0,16.5,7.0,,2022-11-25T05:58:04,2022-11-25T16:43:30,0.05,Partially cloudy,Partly cloudy throughout the day.,partly-cloudy-day,"OTHH,OTBD,41170099999,41170399999,41176099999",Hot,Dry,False,0.7799999999999997,0.2720306513409963,0.47521839080459766
2022-11-25,1.0,7.5,3.0,qatar,2022-11-25,84.8,70.2,78.0,84.1,70.2,77.9,58.7,52.6,0.0,0,0.0,,0.0,0,15.0,9.9,113.7,1015.8,23.7,,191.0,16.5,7.0,,2022-11-25T05:58:04,2022-11-25T16:43:30,0.05,Partially cloudy,Partly cloudy throughout the day.,partly-cloudy-day,"OTHH,OTBD,41170099999,41170399999,41176099999",Hot,Dry,False,0.7799999999999997,0.2720306513409963,0.47521839080459766
2022-11-25,0.0,9.0,2.5,qatar,2022-11-25,84.8,70.2,78.0,84.1,70.2,77.9,58.7,52.6,0.0,0,0.0,,0.0,0,15.0,9.9,113.7,1015.8,23.7,,191.0,16.5,7.0,,2022-11-25T05:58:04,2022-11-25T16:43:30,0.05,Partially cloudy,Partly cloudy throughout the day.,partly-cloudy-day,"OTHH,OTBD,41170099999,41170399999,41176099999",Hot,Dry,False,0.7799999999999997,0.2720306513409963,0.47521839080459766
2022-11-26,0.5,10.5,3.0,qatar,2022-11-26,89.0,72.2,79.1,87.5,72.2,79.0,62.8,59.9,0.0,0,0.0,,0.0,0,9.8,10.8,177.1,,4.0,6.3,,16.4,7.0,,2022-11-26T05:58:48,2022-11-26T16:43:24,0.09,Clear,Clear conditions throughout the day.,clear-day,"OTHH,OTBD,41170099999,41170399999,41176099999",Hot,Dry,False,0.8899999999999991,0.5517241379310346,0.6870344827586203
2022-11-26,1.0,12.0,4.0,qatar,2022-11-26,89.0,72.2,79.1,87.5,72.2,79.0,62.8,59.9,0.0,0,0.0,,0.0,0,9.8,10.8,177.1,,4.0,6.3,,16.4,7.0,,2022-11-26T05:58:48,2022-11-26T16:43:24,0.09,Clear,Clear conditions throughout the day.,clear-day,"OTHH,OTBD,41170099999,41170399999,41176099999",Hot,Dry,False,0.8899999999999991,0.5517241379310346,0.6870344827586203
2022-11-26,1.5,15.5,4.0,qatar,2022-11-26,89.0,72.2,79.1,87.5,72.2,79.0,62.8,59.9,0.0,0,0.0,,0.0,0,9.8,10.8,177.1,,4.0,6.3,,16.4,7.0,,2022-11-26T05:58:48,2022-11-26T16:43:24,0.09,Clear,Clear conditions throughout the day.,clear-day,"OTHH,OTBD,41170099999,41170399999,41176099999",Hot,Dry,False,0.8899999999999991,0.5517241379310346,0.6870344827586203
2022-11-26,1.0,4.5,1.5,qatar,2022-11-26,89.0,72.2,79.1,87.5,72.2,79.0,62.8,59.9,0.0,0,0.0,,0.0,0,9.8,10.8,177.1,,4.0,6.3,,16.4,7.0,,2022-11-26T05:58:48,2022-11-26T16:43:24,0.09,Clear,Clear conditions throughout the day.,clear-day,"OTHH,OTBD,41170099999,41170399999,41176099999",Hot,Dry,False,0.8899999999999991,0.5517241379310346,0.6870344827586203
2022-11-27,0.5,9.0,2.0,qatar,2022-11-27,89.6,72.0,79.32,87.2,72.0,79.7,,60.5,0.0,0,0.0,,0.0,0,18.1,,308.3,1013.3,22.8,6.3,188.7,16.4,7.0,,2022-11-27T05:59:32,2022-11-27T16:43:19,0.12,Partially cloudy,Partly cloudy throughout the day.,partly-cloudy-day,"OTHH,OTBD,41170099999,41170399999,41176099999",Hot,Dry,False,0.911999999999999,0.574712643678161,0.7096275862068961
2022-11-27,1.0,10.5,4.0,qatar,2022-11-27,89.6,72.0,79.53999999999999,87.2,72.0,79.7,,61.1,0.0,0,0.0,,0.0,0,18.1,,308.3,1013.3,22.8,6.3,188.7,16.4,7.0,,2022-11-27T05:59:32,2022-11-27T16:43:19,0.12,Partially cloudy,Partly cloudy throughout the day.,partly-cloudy-day,"OTHH,OTBD,41170099999,41170399999,41176099999",Hot,Dry,False,0.9339999999999989,0.5977011494252875,0.7322206896551722
2022-11-27,2.5,11.0,6.0,qatar,2022-11-27,89.6,72.0,79.76,87.2,72.0,79.7,,61.699999999999996,0.0,0,0.0,,0.0,0,18.1,,308.3,1013.3,22.8,6.3,188.7,16.4,7.0,,2022-11-27T05:59:32,2022-11-27T16:43:19,0.12,Partially cloudy,Partly cloudy throughout the day.,partly-cloudy-day,"OTHH,OTBD,41170099999,41170399999,41176099999",Hot,Dry,False,0.9560000000000002,0.6206896551724138,0.7548137931034484
2022-11-27,1.0,8.5,3.5,qatar,2022-11-27,89.6,72.0,79.98,87.2,72.0,79.7,,62.3,0.0,0,0.0,,0.0,0,18.1,,308.3,1013.3,22.8,6.3,188.7,16.4,7.0,,2022-11-27T05:59:32,2022-11-27T16:43:19,0.12,Partially cloudy,Partly cloudy throughout the day.,partly-cloudy-day,"OTHH,OTBD,41170099999,41170399999,41176099999",Hot,Humid,False,0.9780000000000001,0.6436781609195402,0.7774068965517242
2022-11-28,3.0,14.5,7.0,qatar,2022-11-28,89.0,75.0,80.2,89.2,75.0,80.7,65.4,62.9,0.0,0,0.0,,0.0,0,24.2,18.0,328.7,1012.8,18.0,5.8,188.6,16.2,,,,2022-11-28T16:43:16,0.16,,,,"OTHH,OTBD,41170099999,41170399999,41176099999",Hot,Humid,False,1.0,0.6666666666666667,0.8
2022-11-28,2.5,14.5,4.5,qatar,2022-11-28,89.0,75.0,80.2,89.2,75.0,80.7,65.4,62.9,0.0,0,0.0,,0.0,0,24.2,18.0,328.7,1012.8,18.0,5.8,188.6,16.2,,,,2022-11-28T16:43:16,0.16,,,,"OTHH,OTBD,41170099999,41170399999,41176099999",Hot,Humid,False,1.0,0.6666666666666667,0.8
2022-11-28,0.5,6.5,2.5,qatar,2022-11-28,89.0,75.0,80.2,89.2,75.0,80.7,65.4,62.9,0.0,0,0.0,,0.0,0,24.2,18.0,328.7,1012.8,18.0,5.8,188.6,16.2,,,,2022-11-28T16:43:16,0.16,,,,"OTHH,OTBD,41170099999,41170399999,41176099999",Hot,Humid,False,1.0,0.6666666666666667,0.8
2022-11-28,1.0,12.0,3.5,qatar,2022-11-28,89.0,75.0,80.2,89.2,75.0,80.7,65.4,62.9,0.0,0,0.0,,0.0,0,24.2,18.0,328.7,1012.8,18.0,5.8,188.6,16.2,,,,2022-11-28T16:43:16,0.16,,,,"OTHH,OTBD,41170099999,41170399999,41176099999",Hot,Humid,False,1.0,0.6666666666666667,0.8
2022-11-29,1.0,9.5,4.0,qatar,2022-11-29,83.6,74.5,78.2,84.1,74.5,78.7,65.5,65.6,0.0,0,0.0,,0.0,0,,9.2,4.5,1013.7,54.8,6.3,168.3,14.5,7.0,,2022-11-29T06:00:59,2022-11-29T16:43:15,0.19,Partially cloudy,Partly cloudy throughout the day.,partly-cloudy-day,"OTHH,OTBD,41170099999,41170399999,41176099999",Hot,Humid,False,0.8,0.7701149425287356,0.7820689655172414
2022-11-29,1.5,11.5,4.5,qatar,2022-11-29,83.6,74.5,78.2,84.1,74.5,78.7,65.5,65.6,0.0,0,0.0,,0.0,0,,9.2,4.5,1013.7,54.8,6.3,168.3,14.5,7.0,,2022-11-29T06:00:59,2022-11-29T16:43:15,0.19,Partially cloudy,Partly cloudy throughout the day.,partly-cloudy-day,"OTHH,OTBD,41170099999,41170399999,41176099999",Hot,Humid,False,0.8,0.7701149425287356,0.7820689655172414
2022-11-29,1.5,12.0,4.0,qatar,2022-11-29,83.6,74.5,78.2,84.1,74.5,78.7,65.5,65.6,0.0,0,0.0,,0.0,0,,9.2,4.5,1013.7,54.8,6.3,168.3,14.5,7.0,,2022-11-29T06:00:59,2022-11-29T16:43:15,0.19,Partially cloudy,Partly cloudy throughout the day.,partly-cloudy-day,"OTHH,OTBD,41170099999,41170399999,41176099999",Hot,Humid,False,0.8,0.7701149425287356,0.7820689655172414
2022-11-29,0.5,9.0,3.5,qatar,2022-11-29,83.6,74.5,78.2,84.1,74.5,78.7,65.5,65.6,0.0,0,0.0,,0.0,0,,9.2,4.5,1013.7,54.8,6.3,168.3,14.5,7.0,,2022-11-29T06:00:59,2022-11-29T16:43:15,0.19,Partially cloudy,Partly cloudy throughout the day.,partly-cloudy-day,"OTHH,OTBD,41170099999,41170399999,41176099999",Hot,Humid,False,0.8,0.7701149425287356,0.7820689655172414
2022-11-30,0.5,11.0,3.5,qatar,2022-11-30,83.1,69.7,77.8,,69.7,78.5,65.5,66.7,0.0,0,0.0,,0.0,0,11.0,10.3,,1015.2,51.4,6.2,177.5,15.4,7.0,,2022-11-30T06:01:42,2022-11-30T16:43:15,0.25,Partially cloudy,Partly cloudy throughout the day.,partly-cloudy-day,"OTHH,OTBD,41170099999,41170399999,41176099999",Hot,Humid,False,0.7599999999999995,0.8122605363984677,0.7913563218390804
2022-11-30,0.5,7.0,3.0,qatar,2022-11-30,83.1,69.7,77.8,,69.7,78.5,65.5,66.7,0.0,0,0.0,,0.0,0,11.0,10.3,,1015.2,51.4,6.2,177.5,15.4,7.0,,2022-11-30T06:01:42,2022-11-30T16:43:15,0.25,Partially cloudy,Partly cloudy throughout the day.,partly-cloudy-day,"OTHH,OTBD,41170099999,41170399999,41176099999",Hot,Humid,False,0.7599999999999995,0.8122605363984677,0.7913563218390804
2022-11-30,1.0,14.5,6.5,qatar,2022-11-30,83.1,69.7,77.8,,69.7,78.5,65.5,66.7,0.0,0,0.0,,0.0,0,11.0,10.3,,1015.2,51.4,6.2,177.5,15.4,7.0,,2022-11-30T06:01:42,2022-11-30T16:43:15,0.25,Partially cloudy,Partly cloudy throughout the day.,partly-cloudy-day,"OTHH,OTBD,41170099999,41170399999,41176099999",Hot,Humid,False,0.7599999999999995,0.8122605363984677,0.7913563218390804
2022-11-30,1.5,17.5,6.0,qatar,2022-11-30,83.1,69.7,77.8,,69.7,78.5,65.5,66.7,0.0,0,0.0,,0.0,0,11.0,10.3,,1015.2,51.4,6.2,177.5,15.4,7.0,,2022-11-30T06:01:42,2022-11-30T16:43:15,0.25,Partially cloudy,Partly cloudy throughout the day.,partly-cloudy-day,"OTHH,OTBD,41170099999,41170399999,41176099999",Hot,Humid,False,0.7599999999999995,0.8122605363984677,0.7913563218390804
2022-12-01,0.0,13.0,4.0,qatar,2022-12-01,83.6,69.5,77.3,83.4,69.5,77.3,62.7,67.12,0.0,0,0.0,,0.0,0,12.1,8.5,7.4,,44.9,6.1,171.3,14.8,7.0,,2022-12-01T06:02:26,2022-12-01T16:43:16,0.26,Partially cloudy,Partly cloudy throughout the day.,partly-cloudy-day,"OTHH,OTBD,41170099999,41170399999,41176099999",Mild,Humid,False,0.7099999999999994,0.8283524904214563,0.7810114942528735
2022-12-01,1.5,6.0,1.0,qatar,2022-12-01,83.6,69.5,77.3,83.4,69.5,77.3,62.7,67.54,0.0,0,0.0,,0.0,0,12.1,8.5,7.4,,44.9,6.1,171.3,14.8,7.0,,2022-12-01T06:02:26,2022-12-01T16:43:16,0.26,Partially cloudy,Partly cloudy throughout the day.,partly-cloudy-day,"OTHH,OTBD,41170099999,41170399999,41176099999",Mild,Humid,False,0.7099999999999994,0.8444444444444449,0.7906666666666666
2022-12-01,1.5,10.0,4.0,qatar,2022-12-01,83.6,69.5,77.3,83.4,69.5,77.3,62.7,67.96,0.0,0,0.0,,0.0,0,12.1,8.5,7.4,,44.9,6.1,171.3,14.8,7.0,,2022-12-01T06:02:26,2022-12-01T16:43:16,0.26,Partially cloudy,Partly cloudy throughout the day.,partly-cloudy-day,"OTHH,OTBD,41170099999,41170399999,41176099999",Mild,Humid,False,0.7099999999999994,0.8605363984674329,0.8003218390804594
2022-12-01,3.0,20.0,8.5,qatar,2022-12-01,83.6,69.5,77.3,83.4,69.5,77.3,62.7,68.38,0.0,0,0.0,,0.0,0,12.1,8.5,7.4,,44.9,6.1,171.3,14.8,7.0,,2022-12-01T06:02:26,2022-12-01T16:43:16,0.26,Partially cloudy,Partly cloudy throughout the day.,partly-cloudy-day,"OTHH,OTBD,41170099999,41170399999,41176099999",Mild,Humid,False,0.7099999999999994,0.8766283524904215,0.8099770114942526
2022-12-02,1.0,10.5,5.5,qatar,2022-12-02,84.1,71.5,77.7,86.4,71.5,78.5,66.2,68.8,0.0,0,0.0,,0.0,0,19.2,13.0,337.8,1014.6,1.9,5.7,183.9,15.9,7.0,,2022-12-02T06:03:09,2022-12-02T16:43:19,0.3,Clear,Clear conditions throughout the day.,clear-day,"OTHH,OTBD,41170099999,41170399999,41176099999",Hot,Humid,False,0.75,0.8927203065134101,0.8356321839080461
2022-12-02,1.5,12.0,5.0,qatar,2022-12-02,84.1,71.5,77.7,86.4,71.5,78.5,66.2,68.8,0.0,0,0.0,,0.0,0,19.2,13.0,337.8,1014.6,1.9,5.7,183.9,15.9,7.0,,2022-12-02T06:03:09,2022-12-02T16:43:19,0.3,Clear,Clear conditions throughout the day.,clear-day,"OTHH,OTBD,41170099999,41170399999,41176099999",Hot,Humid,False,0.75,0.8927203065134101,0.8356321839080461
2022-12-02,2.5,12.5,5.5,qatar,2022-12-02,84.1,71.5,77.7,86.4,71.5,78.5,66.2,68.8,0.0,0,0.0,,0.0,0,19.2,13.0,337.8,1014.6,1.9,5.7,183.9,15.9,7.0,,2022-12-02T06:03:09,2022-12-02T16:43:19,0.3,Clear,Clear conditions throughout the day.,clear-day,"OTHH,OTBD,41170099999,41170399999,41176099999",Hot,Humid,False,0.75,0.8927203065134101,0.8356321839080461
2022-12-02,0.5,13.0,4.5,qatar,2022-12-02,84.1,71.5,77.7,86.4,71.5,78.5,66.2,68.8,0.0,0,0.0,,0.0,0,19.2,13.0,337.8,1014.6,1.9,5.7,183.9,15.9,7.0,,2022-12-02T06:03:09,2022-12-02T16:43:19,0.3,Clear,Clear conditions throughout the day.,clear-day,"OTHH,OTBD,41170099999,41170399999,41176099999",Hot,Humid,False,0.75,0.8927203065134101,0.8356321839080461
2022-12-03,2.0,14.5,6.5,qatar,2022-12-03,,73.3,77.46666666666667,84.5,73.3,78.2,64.0,63.2,0.0,0,0.0,,0.0,0,19.7,12.7,343.9,1014.8,9.6,6.1,,14.6,6.0,,2022-12-03T06:03:51,2022-12-03T16:43:24,0.33,Clear,Clear conditions throughout the day.,clear-day,"OTHH,OTBD,41170099999,41170399999,41176099999",Mild,Humid,False,0.7266666666666666,0.6781609195402302,0.6975632183908047
2022-12-03,1.5,9.5,3.5,qatar,2022-12-03,,73.3,77.23333333333333,84.5,73.3,78.2,64.0,63.2,0.0,0,0.0,,0.0,0,19.7,12.7,343.9,1014.8,9.6,6.1,,14.6,6.0,,2022-12-03T06:03:51,2022-12-03T16:43:24,0.33,Clear,Clear conditions throughout the day.,clear-day,"OTHH,OTBD,41170099999,41170399999,41176099999",Mild,Humid,False,0.7033333333333331,0.6781609195402302,0.6882298850574713
2022-12-04,2.0,13.5,5.0,qatar,2022-12-04,83.0,72.6,77.0,83.6,72.6,77.2,64.9,67.3,0.0,0,0.0,,0.0,0,15.7,9.9,348.7,1015.9,5.7,6.2,180.0,15.8,,,2022-12-04T06:04:34,2022-12-04T16:43:30,0.37,Clear,Clear conditions throughout the day.,clear-day,"OTHH,OTBD,41170099999,41170399999,41176099999",Mild,Humid,False,0.6799999999999997,0.8352490421455939,0.7731494252873562
2022-12-04,1.5,9.0,3.0,qatar,2022-12-04,83.0,72.6,77.0,83.6,72.6,77.2,64.9,67.3,0.0,0,0.0,,0.0,0,15.7,9.9,348.7,1015.9,5.7,6.2,180.0,15.8,,,2022-12-04T06:04:34,2022-12-04T16:43:30,0.37,Clear,Clear conditions throughout the day.,clear-day,"OTHH,OTBD,41170099999,41170399999,41176099999",Mild,Humid,False,0.6799999999999997,0.8352490421455939,0.7731494252873562
2022-12-05,1.0,14.0,4.0,qatar,2022-12-05,81.8,69.6,76.5,83.6,69.6,76.8,63.7,65.2,0.0,0,0.0,,0.0,0,11.9,10.7,36.3,1016.6,33.5,6.3,177.3,15.5,7.0,,2022-12-05T06:05:16,2022-12-05T16:43:37,0.4,,Partly cloudy throughout the day.,partly-cloudy-day,"OTHH,OTBD,41170099999,41170399999,41176099999",Mild,Humid,False,0.6299999999999997,0.7547892720306516,0.7048735632183909
2022-12-05,2.5,14.0,7.5,qatar,2022-12-05,81.8,69.6,76.5,83.6,69.6,76.8,63.7,65.2,0.0,0,0.0,,0.0,0,11.9,10.7,36.3,1016.6,33.5,6.3,177.3,15.5,7.0,,2022-12-05T06:05:16,2022-12-05T16:43:37,0.4,,Partly cloudy throughout the day.,partly-cloudy-day,"OTHH,OTBD,41170099999,41170399999,41176099999",Mild,Humid,False,0.6299999999999997,0.7547892720306516,0.7048735632183909
2022-12-06,0.0,9.5,2.0,qatar,2022-12-06,83.6,72.9,78.0,86.1,72.9,78.6,67.7,71.6,0.0,0,0.0,,,0,,14.4,139.6,1015.5,21.9,,181.2,15.8,7.0,,2022-12-06T06:05:57,2022-12-06T16:43:46,0.44,Partially cloudy,Partly cloudy throughout the day.,partly-cloudy-day,"OTHH,OTBD,41170099999,41170399999,41176099999",Hot,Humid,False,0.7799999999999997,1.0,0.9119999999999999
2022-12-06,3.5,12.0,5.0,qatar,2022-12-06,83.6,72.9,78.0,86.1,72.9,78.6,67.7,71.6,0.0,0,0.0,,,0,,14.4,139.6,1015.5,21.9,,181.2,15.8,7.0,,2022-12-06T06:05:57,2022-12-06T16:43:46,0.44,Partially cloudy,Partly cloudy throughout the day.,partly-cloudy-day,"OTHH,OTBD,41170099999,41170399999,41176099999",Hot,Humid,False,0.7799999999999997,1.0,0.9119999999999999
2022-12-09,1.0,14.5,6.0,qatar,2022-12-09,78.7,71.6,74.8,78.7,71.6,74.8,55.9,52.5,0.0,0,0.0,,0.0,0,23.5,17.5,333.4,1017.1,52.3,6.3,135.7,,6.0,,2022-12-09T06:08:00,2022-12-09T16:44:22,0.54,Partially cloudy,Partly cloudy throughout the day.,partly-cloudy-day,"OTHH,OTBD,41170599999,41170099999,41170399999,41176099999",Mild,Dry,False,0.4599999999999994,0.26819923371647514,0.34491954022988486
2022-12-09,2.0,10.0,4.0,qatar,2022-12-09,78.7,71.6,74.8,78.7,71.6,74.8,55.9,52.5,0.0,0,0.0,,0.0,0,23.5,17.5,333.4,1017.1,52.3,6.3,135.7,,6.0,,2022-12-09T06:08:00,2022-12-09T16:44:22,0.54,Partially cloudy,Partly cloudy throughout the day.,partly-cloudy-day,"OTHH,OTBD,41170599999,41170099999,41170399999,41176099999",Mild,Dry,False,0.4599999999999994,0.26819923371647514,0.34491954022988486
2022-12-10,0.5,10.0,3.0,qatar,2022-12-10,73.3,67.9,70.2,73.3,67.9,70.2,54.8,58.3,0.004,100,4.17,rain,0.0,0,26.4,14.2,309.1,1016.7,42.1,,86.4,7.3,4.0,,2022-12-10T06:08:39,,0.57,"Rain, Partially cloudy",Partly cloudy throughout the day with morning rain.,rain,"OTHH,OTBD,41170599999,41170099999,41170399999,41176099999",Mild,Dry,False,0.0,0.4904214559386973,0.2942528735632184
2022-12-10,1.5,11.5,5.5,qatar,2022-12-10,73.3,67.9,70.2,73.3,67.9,70.2,54.8,58.3,0.004,100,4.17,rain,0.0,0,26.4,14.2,309.1,1016.7,42.1,,86.4,7.3,4.0,,2022-12-10T06:08:39,,0.57,"Rain, Partially cloudy",Partly cloudy throughout the day with morning rain.,rain,"OTHH,OTBD,41170599999,41170099999,41170399999,41176099999",Mild,Dry,False,0.0,0.4904214559386973,0.2942528735632184
2022-12-13,1.5,11.0,5.0,qatar,2022-12-13,75.2,,70.3,75.2,64.3,70.3,55.8,61.0,0.0,0,0.0,,0.0,0,13.2,,331.8,1017.6,7.6,6.2,180.1,15.6,7.0,,2022-12-13T06:10:35,2022-12-13T16:45:29,0.67,Clear,Clear conditions throughout the day.,clear-day,"OTHH,OTBD,41170099999,41170399999,41176099999",Mild,Dry,False,0.009999999999999431,0.5938697318007664,0.3603218390804596
2022-12-14,1.0,13.5,1.5,qatar,2022-12-14,77.0,64.9,71.7,77.0,64.9,71.7,60.1,67.6,0.0,0,0.0,,,0,11.0,9.1,2.0,,6.7,6.1,179.0,15.3,7.0,,2022-12-14T06:11:12,2022-12-14T16:45:49,0.7,Clear,Clear conditions throughout the day.,clear-day,"OTHH,OTBD,41170099999,41170399999,41176099999",Mild,Humid,False,0.15,0.846743295019157,0.5680459770114943
2022-12-17,1.5,10.5,3.0,qatar,2022-12-17,80.0,68.9,73.0,80.4,68.9,73.1,59.6,63.7,0.0,0,0.0,,0.0,0,25.7,15.7,331.7,1016.8,13.1,6.2,172.2,14.8,7.0,,2022-12-17T06:12:59,2022-12-17T16:46:58,0.8,Clear,Clear conditions throughout the day.,clear-day,"OTHH,OTBD,41170599999,41170099999,41170399999,41176099999",Mild,Humid,False,0.2799999999999997,0.6973180076628355,0.5303908045977012
2022-12-18,3.0,15.5,7.0,qatar,2022-12-18,78.3,67.3,71.5,78.3,67.3,71.5,58.6,64.8,0.0,0,0.0,,0.0,0,24.6,13.9,317.0,1018.4,13.6,5.7,175.1,15.2,7.0,,2022-12-18T06:13:32,2022-12-18T16:47:23,0.83,Clear,Clear conditions throughout the day.,clear-day,"OTHH,OTBD,41170099999,41170399999,41176099999",Mild,Humid,False,0.12999999999999973,0.7394636015325671,0.4956781609195401
